<!DOCTYPE struts PUBLIC
"-//Apache Software Foundation//DTD Struts Configuration 2.0//EN"
"http://struts.apache.org/dtds/struts-2.0.dtd">

<struts>
    <package name="default" extends="struts-default">
        <action name="login" class="loginRegisterAction.LoginAction">
            <result name="success">/success.jsp</result>
            <result name="input">/login.jsp</result>
            <result name="error">/login.jsp</result>
        </action>
        <action name="register" class="loginRegisterAction.RegisterAction">
            <result name="success">/login.jsp</result>
            <result name="input">/register.jsp</result>
            <result name="error">/register.jsp</result>
        </action>
    </package>
</struts>
